Airport Code,Location Code,Airport Name,City,Country,Timezone Offset (H),Timezone Offset (M),Timezone Offset (S),Latitude Direction,Latitude Degrees,Latitude Minutes,Latitude Seconds,Longitude Direction,Longitude Degrees,Latitude,Longitude
KABI,ABI,ABILENE RGNL,ABILENE,USA,32,24,40,N,99,40,54,W,546,32.411,-99.682
KABQ,ABQ,N/A,ALBUQUERQUE,USA,0,0,0,U,0,0,0,U,0,0,0
KACK,ACK,NANTUCKET MEM,NANTUCKET,USA,41,15,10,N,70,3,36,W,15,41.253,-70.06
KACT,ACT,WACO RGNL,WACO,USA,31,36,40,N,97,13,49,W,158,31.611,-97.23
KACY,ACY,ATLANTIC CITY INTERNATIONAL,ATLANTIC CITY,USA,39,27,27,N,74,34,37,W,23,39.458,-74.577
KADM,ADM,ARDMORE MUNI,ARDMORE,USA,34,18,11,N,97,1,10,W,233,34.303,-97.019
KADW,ADW,ANDREWS AFB,CAMP SPRINGS,USA,38,48,38,N,76,52,1,W,86,38.811,-76.867
KAEX,AEX,ALEXANDRIA INTERNATIONAL,ALEXANDRIA,USA,31,19,38,N,92,32,54,W,28,31.327,-92.548
KAFB,N/A,N/A,SHEPPARD,USA,0,0,0,U,0,0,0,U,0,0,0
KAGS,AGS,AUGUSTA RGNL AT BUSH FLD,BUSH FIELD,USA,33,22,11,N,81,57,52,W,44,33.37,-81.964
KAKR,AKR,AKRON FULTON INTERNATIONAL,AKRON,USA,41,2,15,N,81,28,0,W,326,41.038,-81.467
KALB,ALB,ALBANY INTERNATIONAL,ALBANY,USA,42,44,53,N,73,48,10,W,87,42.748,-73.803
KALI,ALI,ALICE INTERNATIONAL,ALICE,USA,27,44,27,N,98,1,37,W,55,27.741,-98.027
KAMA,AMA,AMARILLO INTERNATIONAL,AMARILLO,USA,35,13,9,N,101,42,21,W,1100,35.219,-101.706
KANB,ANB,ANNISTON METROPOLITAN,ANNISTON,USA,33,35,17,N,85,51,29,W,187,33.588,-85.858
KAND,AND,ANDERSON RGNL,ANDERSEN,USA,34,29,42,N,82,42,33,W,239,34.495,-82.709
KAOO,AOO,ALTOONA BLAIR CO,ALTOONA,USA,40,17,47,N,78,19,12,W,459,40.296,-78.32
KAPG,APG,PHILLIPS AAF,ABERDEEN,USA,39,27,58,N,76,10,10,W,18,39.466,-76.169
KARA,ARA,ACADIANA REGIONAL,LOUISIANA,USA,30,2,15,N,91,53,2,W,8,30.038,-91.884
KART,ART,WATERTOWN INTERNATIONAL,WATERTOWN,USA,43,59,30,N,76,1,18,W,100,43.992,-76.022
KATL,ATL,THE WILLIAM B HARTSFIELD ATLANTA INTERNATIONAL,ATLANTA,USA,33,38,25,N,84,25,37,W,313,33.64,-84.427
KAUG,AUG,AUGUSTA STATE,AUGUSTA,USA,44,19,14,N,69,47,50,W,108,44.321,-69.797
KAUS,AUS,AUSTIN BERGSTROM INTERNATIONAL,AUSTIN,USA,30,11,40,N,97,40,11,W,166,30.194,-97.67
KAYE,N/A,N/A,FORT DEVENS,USA,0,0,0,U,0,0,0,U,0,0,0
KBAB,BAB,BEALE AFB,MARYSVILLE,USA,39,8,9,N,121,26,11,W,35,39.136,-121.436
KBAD,BAD,BARKSDALE AFB,SHREVEPORT,USA,32,30,6,N,93,39,45,W,51,32.502,-93.663
KBCT,BCT,BOCA RATON,BOCA RATON,USA,26,22,42,N,80,6,27,W,4,26.378,-80.107
KBDE,BDE,BAUDETTE INTERNATIONAL,BAUDETTE,USA,48,43,42,N,94,36,44,W,332,48.728,-94.612
KBDL,BDL,BRADLEY INTERNATIONAL,WINDSOR LOCKS,USA,41,56,20,N,72,40,59,W,53,41.939,-72.683
KBDR,BDR,IGOR I SIKORSKY MEM,STRATFORD,USA,41,9,48,N,73,7,34,W,3,41.163,-73.126
KBED,BED,LAURENCE G HANSCOM FLD,BEDFORD,USA,42,28,11,N,71,17,20,W,41,42.47,-71.289
KBFI,BFI,BOEING FLD KING CO INTERNATIONAL,SEATTLE,USA,47,31,47,N,122,18,7,W,6,47.53,-122.302
KBFL,BFL,MEADOWS FLD,BAKERSFIELD,USA,35,26,0,N,119,3,24,W,155,35.433,-119.057
KBFM,BFM,MOBILE DOWNTOWN,MOBILE,USA,30,37,35,N,88,4,4,W,8,30.626,-88.068
KBGR,BGR,BANGOR INTERNATIONAL,BANGOR,USA,44,48,26,N,68,49,41,W,59,44.807,-68.828
KBGS,N/A,N/A,BIG SPRINGS,USA,0,0,0,U,0,0,0,U,0,0,0
KBHM,BHM,BIRMINGHAM INTERNATIONAL,BIRMINGHAM,USA,33,33,46,N,86,45,12,W,197,33.563,-86.753
KBIF,BIF,BIGGS AAF,EL PASO,USA,31,50,58,N,106,22,48,W,1203,31.849,-106.38
KBIX,BIX,KEESLER AFB,BILOXI,USA,30,24,39,N,88,55,25,W,11,30.411,-88.924
KBKF,BKF,BUCKLEY AFB,BUCKLEY,USA,39,42,6,N,104,45,5,W,1726,39.702,-104.751
KBLI,BLI,BELLINGHAM INTERNATIONAL,BELLINGHAM,USA,48,47,33,N,122,32,15,W,52,48.792,-122.537
KBLV,BLV,SCOTT AFB MIDAMERICA,BELLEVILLE,USA,38,32,42,N,89,50,6,W,140,38.545,-89.835
KBNA,BNA,NASHVILLE INTERNATIONAL,NASHVILLE,USA,36,7,28,N,86,40,41,W,183,36.124,-86.678
KBOF,N/A,N/A,WASHINGTON,USA,0,0,0,U,0,0,0,U,0,0,0
KBOI,BOI,BOISE AIR TERMINAL,BOISE,USA,43,33,51,N,116,13,22,W,876,43.564,-116.223
KBOS,BOS,GENERAL EDWARD LAWRENCE LOGAN INTERNATIONAL,BOSTON,USA,42,21,51,N,71,0,18,W,6,42.364,-71.005
KBPT,BPT,SOUTHEAST TEXAS RGNL,BEAUMONT,USA,29,57,3,N,94,1,14,W,5,29.951,-94.021
KBRO,BRO,BROWNSVILLE SOUTH PADRE ISLAND INTERNATIONAL,BROWNSVILLE,USA,25,54,24,N,97,25,33,W,7,25.907,-97.426
KBSM,N/A,N/A,AUSTIN,USA,0,0,0,U,0,0,0,U,0,0,0
KBTR,BTR,BATON ROUGE METRO RYAN FLD,BATON ROUGE,USA,30,31,59,N,91,8,58,W,22,30.533,-91.149
KBTV,BTV,BURLINGTON INTERNATIONAL,BURLINGTON,USA,44,28,18,N,73,9,11,W,103,44.472,-73.153
KBUF,BUF,BUFFALO NIAGARA INTERNATIONAL,BUFFALO,USA,42,56,25,N,78,43,55,W,221,42.94,-78.732
KBUR,BUR,BURBANK GLENDALE PASADENA,BURBANK,USA,34,12,2,N,118,21,31,W,238,34.201,-118.359
KBWI,BWI,BALTIMORE WASHINGTON INTERNATIONAL,BALTIMORE,USA,39,10,31,N,76,40,6,W,45,39.175,-76.668
KBYH,BYH,ARKANSAS INTERNATIONAL,BLYTHEVILLE,USA,35,57,51,N,89,56,36,W,77,35.964,-89.943
KBYS,BYS,BICYCLE LAKE AAF,FORT IRWIN,USA,35,16,49,N,116,37,48,W,717,35.28,-116.63
KCAE,CAE,COLUMBIA METROPOLITAN,COLOMBIA,USA,33,56,19,N,81,7,10,W,72,33.939,-81.119
KCAR,CAR,CARIBOU MUNI,CARIBOU,USA,46,52,17,N,68,1,4,W,191,46.871,-68.018
KCBM,CBM,COLUMBUS AFB,COLOMBUS,USA,33,38,38,N,88,26,37,W,67,33.644,-88.444
KCDC,CDC,CEDAR CITY RGNL,CEDAR CITY,USA,37,42,3,N,113,5,55,W,1714,37.701,-113.099
KCDS,CDS,CHILDRESS MUNI,CHILDRESS,USA,34,26,1,N,100,17,17,W,596,34.434,-100.288
KCEF,CEF,WESTOVER ARB METROPOLITAN,CHICOPEE FALLS,USA,42,11,53,N,72,32,3,W,75,42.198,-72.534
KCEW,CEW,BOB SIKES,CRESTVIEW,USA,30,46,43,N,86,31,19,W,65,30.779,-86.522
KCFD,CFD,COULTER FLD,BRYAN,USA,30,42,56,N,96,19,52,W,112,30.716,-96.331
KCGJ,N/A,N/A,MCCONNELL,USA,0,0,0,U,0,0,0,U,0,0,0
KCHA,CHA,LOVELL FLD,CHATTANOOGA,USA,35,2,7,N,85,12,13,W,208,35.035,-85.204
KCHD,N/A,N/A,CHANDLER,USA,0,0,0,U,0,0,0,U,0,0,0
KCHS,CHS,CHARLESTON AFB INTERNATIONAL,CHARLESTON,USA,32,53,55,N,80,2,25,W,14,32.899,-80.04
KCIC,CIC,CHICO MUNI,CHICO,USA,39,47,43,N,121,51,30,W,73,39.795,-121.858
KCLE,CLE,CLEVELAND HOPKINS INTERNATIONAL,CLEVELAND,USA,41,24,42,N,81,50,59,W,242,41.412,-81.85
KCLL,CLL,EASTERWOOD FLD,COLLEGE STATION,USA,30,35,18,N,96,21,49,W,98,30.588,-96.364
KCLT,CLT,CHARLOTTE DOUGLAS INTERNATIONAL,CHARLOTTE,USA,35,12,50,N,80,56,35,W,229,35.214,-80.943
KCMH,CMH,PORT COLUMBUS INTERNATIONAL,COLUMBUS,USA,39,59,52,N,82,53,30,W,249,39.998,-82.892
KCNM,CNM,CAVERN CITY AIR TERMINAL,CARLSBAD,USA,32,20,14,N,104,15,47,W,1005,32.337,-104.263
KCNW,CNW,TSTC WACO,WACO,USA,31,38,16,N,97,4,26,W,144,31.638,-97.074
KCOF,COF,PATRICK AFB,COCO BEACH,USA,28,14,5,N,80,36,36,W,3,28.235,-80.61
KCOS,COS,CITY OF COLORADO SPRINGS MUNI,COLORADO SPRINGS,USA,38,48,20,N,104,42,0,W,1885,38.806,-104.7
KCOT,COT,COTULLA LA SALLE CO,COTULLA,USA,28,27,29,N,99,13,12,W,146,28.458,-99.22
KCOU,COU,COLUMBIA RGNL,COLUMBIA,USA,38,49,5,N,92,13,10,W,271,38.818,-92.219
KCPR,CPR,NATRONA CO INTERNATIONAL,CASPER,USA,42,54,28,N,106,27,51,W,1631,42.908,-106.464
KCRP,CRP,CORPUS CHRISTI INTERNATIONAL,CORPUS CHRISTI,USA,27,46,13,N,97,30,4,W,14,27.77,-97.501
KCTB,CTB,CUT BANK MUNI,CUTBANK,USA,48,36,30,N,112,22,34,W,1175,48.608,-112.376
KCUS,N/A,N/A,COLUMBUS,USA,0,0,0,U,0,0,0,U,0,0,0
KCVG,CVG,CINCINNATI NORTHERN KENTUCKY INTERNATIONAL,CINCINNATI,USA,39,2,46,N,84,39,43,W,274,39.046,-84.662
KCVS,CVS,CANNON AFB,CLOVIS,USA,34,22,57,N,103,19,19,W,1310,34.383,-103.322
KCXL,CXL,CALEXICO INTERNATIONAL,CALEXICO,USA,32,40,10,N,115,30,47,W,2,32.669,-115.513
KCXO,CXO,MONTGOMERY CO,CONROE,USA,30,21,6,N,95,24,52,W,75,30.352,-95.414
KCYS,CYS,CHEYENNE,CHEYENNE,USA,41,9,20,N,104,48,42,W,1877,41.156,-104.812
KDAL,DAL,DALLAS LOVE FLD,DALLAS,USA,32,50,49,N,96,51,6,W,149,32.847,-96.852
KDAY,DAY,JAMES M COX DAYTON INTERNATIONAL,DAYTON,USA,39,54,8,N,84,13,9,W,308,39.902,-84.219
KDCA,DCA,RONALD REAGAN WASHINGTON NATIONAL,WASHINGTON,USA,38,51,7,N,77,2,15,W,5,38.852,-77.037
KDCG,N/A,N/A,SAN DIEGO,USA,0,0,0,U,0,0,0,U,0,0,0
KDDA,N/A,N/A,FORT BELVOIR,USA,0,0,0,U,0,0,0,U,0,0,0
KDEN,DEN,DENVER INTERNATIONAL,DENVER,USA,39,51,30,N,104,40,1,W,1656,39.858,-104.667
KDET,DET,DETROIT CITY,DETROIT,USA,42,24,33,N,83,0,35,W,191,42.409,-83.01
KDFW,DFW,DALLAS FORT WORTH INTERNATIONAL,DALLAS-FORT WORTH,USA,32,53,47,N,97,2,15,W,184,32.896,-97.037
KDHN,DHN,DOTHAN RGNL,DOTHAN,USA,31,19,16,N,85,26,58,W,123,31.321,-85.449
KDHT,DHT,DALHART MUNI,DALHART,USA,36,1,21,N,102,32,50,W,1217,36.023,-102.547
KDLF,DLF,LAUGHLIN AFB,DEL RIO,USA,29,21,34,N,100,46,40,W,330,29.359,-100.778
KDLH,DLH,DULUTH INTERNATIONAL,DULUTH,USA,46,50,31,N,92,11,37,W,436,46.842,-92.194
KDMA,DMA,DAVIS MONTHAN AFB,TUCSON,USA,32,9,59,N,110,52,59,W,825,32.166,-110.883
KDMF,N/A,N/A,DANNELLY,USA,0,0,0,U,0,0,0,U,0,0,0
KDOV,DOV,DOVER AFB,DOVER,USA,39,7,48,N,75,27,59,W,10,39.13,-75.466
KDPA,DPA,DU PAGE,WEST CHICAGO,USA,41,54,28,N,88,14,55,W,232,41.908,-88.249
KDRI,DRI,BEAUREGARD PARISH,DERIDDER,USA,30,49,54,N,93,20,23,W,63,30.832,-93.34
KDRO,DRO,DURANGO LA PLATA CO,DURANGO,USA,37,9,5,N,107,45,13,W,2038,37.151,-107.754
KDRT,DRT,DEL RIO INTERNATIONAL,DEL RIO,USA,29,22,22,N,100,55,33,W,305,29.373,-100.926
KDSM,DSM,DES MOINES INTERNATIONAL,DES MOINES,USA,41,32,2,N,93,39,45,W,292,41.534,-93.663
KDTW,DTW,DETROIT METRO WAYNE CO,DETROIT,USA,42,12,44,N,83,21,12,W,197,42.212,-83.353
KDUG,DUG,BISBEE DOUGLAS INTERNATIONAL,DOUGLAS,USA,31,28,8,N,109,36,13,W,1267,31.469,-109.604
KDYS,DYS,DYESS AFB,ABILENE,USA,32,25,14,N,99,51,16,W,546,32.421,-99.854
KECG,ECG,ELIZABETH CITY CGAS RGNL,ELIZABETH CITY,USA,36,15,38,N,76,10,28,W,4,36.261,-76.174
KEDW,EDW,EDWARDS AFB,EDWARDS AFB,USA,34,54,19,N,117,53,1,W,702,34.905,-117.884
KEFD,EFD,ELLINGTON FLD,HOUSTON,USA,29,36,26,N,95,9,31,W,10,29.607,-95.159
KEGP,EGP,EAGLE PASS MUNI,EAGLE PASS,USA,28,42,0,N,100,28,46,W,246,28.7,-100.479
KEKN,EKN,ELKINS RANDOLPH CO JENNINGS RANDOLPH,ELKINS,USA,38,53,22,N,79,51,25,W,606,38.889,-79.857
KELD,ELD,SOUTH ARKANSAS RGNL AT GOODWIN FLD,EL DORADO,USA,33,13,15,N,92,48,47,W,85,33.221,-92.813
KELP,ELP,EL PASO INTERNATIONAL,EL PASO,USA,31,48,24,N,106,22,40,W,1207,31.807,-106.378
KEND,END,VANCE AFB,ENID,USA,36,20,23,N,97,54,58,W,399,36.34,-97.916
KENV,ENV,WENDOVER,WENDOVER,USA,40,43,7,N,114,1,51,W,1291,40.719,-114.031
KESF,ESF,ESLER RGNL,ALEXANDRIA,USA,31,23,41,N,92,17,44,W,35,31.395,-92.296
KEWN,EWN,CRAVEN CO RGNL,NEW BERN,USA,35,4,22,N,77,2,34,W,6,35.073,-77.043
KEWR,EWR,NEWARK LIBERTY INTERNATIONAL,NEWARK,USA,40,41,32,N,74,10,7,W,6,40.692,-74.169
KEYW,EYW,KEY WEST INTERNATIONAL,KEY WEST,USA,24,33,22,N,81,45,34,W,1,24.556,-81.759
KFAF,FAF,FELKER AAF,FORT EUSTIS,USA,37,7,57,N,76,36,31,W,4,37.133,-76.609
KFAT,FAT,FRESNO YOSEMITE INTERNATIONAL,FRESNO,USA,36,46,34,N,119,43,5,W,103,36.776,-119.718
KFCS,FCS,BUTTS AAF,FORT CARSON,USA,38,40,42,N,104,45,23,W,1780,38.678,-104.756
KFFO,FFO,WRIGHT PATTERSON AFB,DAYTON,USA,39,49,34,N,84,2,54,W,251,39.826,-84.048
KFHU,FHU,SIERRA VISTA MUNI LIBBY AAF,FORT HUACHUCA,USA,31,35,18,N,110,20,39,W,1439,31.588,-110.344
KFLL,FLL,FORT LAUDERDALE HOLLYWOOD INTERNATIONAL,FORT LAUDERDALE,USA,26,4,21,N,80,9,9,W,3,26.072,-80.153
KFLO,FLO,FLORENCE RGNL,FLORENCE,USA,34,11,7,N,79,43,26,W,45,34.185,-79.724
KFLV,FLV,SHERMAN AAF,FORT LEAVENWORTH,USA,39,22,6,N,94,54,52,W,236,39.368,-94.914
KFME,N/A,TIPTON,FORT MEADE,USA,39,5,7,N,76,45,33,W,46,39.085,-76.759
KFMH,FMH,OTIS ANGB,FALMOUTH,USA,41,39,30,N,70,31,17,W,40,41.658,-70.521
KFMN,FMN,FOUR CORNERS RGNL,FARMINGTON,USA,36,44,28,N,108,13,47,W,1679,36.741,-108.23
KFMY,FMY,PAGE FLD,FORT MYERS,USA,26,35,11,N,81,51,47,W,6,26.586,-81.863
KFOD,FOD,FORT DODGE RGNL,FORT DODGE,USA,42,33,5,N,94,11,33,W,353,42.551,-94.193
KFOE,FOE,FORBES FLD,TOPEKA,USA,38,57,3,N,95,39,49,W,329,38.951,-95.664
KFOK,FOK,THE FRANCIS S GABRESKI,WEST HAMPTON BEACH,USA,40,50,37,N,72,37,54,W,21,40.844,-72.632
KFRI,FRI,MARSHALL AAF,FORT RILEY,USA,39,3,18,N,96,45,52,W,325,39.055,-96.764
KFSI,FSI,HENRY POST AAF,FORT SILL,USA,34,38,59,N,98,24,7,W,363,34.65,-98.402
KFSM,FSM,FORT SMITH RGNL,FORT SMITH,USA,35,20,11,N,94,22,2,W,143,35.336,-94.367
KFTK,FTK,GODMAN AAF,FORT KNOX,USA,37,54,25,N,85,58,19,W,231,37.907,-85.972
KFTW,FTW,FORT WORTH MEACHAM INTERNATIONAL,FORT WORTH,USA,32,49,11,N,97,21,44,W,217,32.82,-97.362
KFWH,N/A,N/A,FORT WORTH,USA,0,0,0,U,0,0,0,U,0,0,0
KFXE,FXE,FORT LAUDERDALE EXECUTIVE,FORT LAUDERDALE,USA,26,11,50,N,80,10,14,W,5,26.197,-80.171
KFYV,FYV,DRAKE FLD,FAYETTEVILLE,USA,36,0,18,N,94,10,12,W,382,36.005,-94.17
KGAG,GAG,GAGE,GAGE,USA,36,17,43,N,99,46,35,W,678,36.295,-99.776
KGCK,GCK,GARDEN CITY RGNL,GARDEN CITY,USA,37,55,39,N,100,43,27,W,881,37.927,-100.724
KGEG,GEG,SPOKANE INTERNATIONAL,SPOKANE,USA,47,37,11,N,117,32,1,W,723,47.62,-117.534
KGFA,N/A,N/A,GREAT FALLS,USA,0,0,0,U,0,0,0,U,0,0,0
KGFK,GFK,GRAND FORKS INTERNATIONAL,GRAND FORKS,USA,47,56,57,N,97,10,34,W,258,47.949,-97.176
KGGG,GGG,EAST TEXAS RGNL,LONGVIEW,USA,32,23,5,N,94,42,41,W,112,32.385,-94.711
KGLS,GLS,SCHOLES INTERNATIONAL AT GALVESTON,GALVESTON,USA,29,15,55,N,94,51,37,W,2,29.265,-94.86
KGNT,GNT,GRANTS MILAN MUNI,GRANTS,USA,35,9,55,N,107,54,2,W,1988,35.165,-107.901
KGNV,GNV,GAINESVILLE RGNL,GAINESVILLE,USA,29,41,24,N,82,16,18,W,47,29.69,-82.272
KGRB,GRB,AUSTIN STRAUBEL INTERNATIONAL,GREEN BAY,USA,44,29,6,N,88,7,46,W,212,44.485,-88.129
KGRF,GRF,GRAY AAF,FORT LEWIS,USA,47,4,45,N,122,34,50,W,93,47.079,-122.581
KGRK,GRK,ROBERT GRAY AAF,KILLEEN,USA,31,4,2,N,97,49,44,W,311,31.067,-97.829
KGRR,GRR,GERALD R FORD INTERNATIONAL,GRAND RAPIDS,USA,42,52,51,N,85,31,22,W,242,42.881,-85.523
KGSB,GSB,SEYMOUR JOHNSON AFB,GOLDSBORO,USA,35,20,21,N,77,57,38,W,34,35.339,-77.961
KGTB,GTB,WHEELER SACK AAF,FORT DRUM,USA,44,3,20,N,75,43,10,W,211,44.056,-75.719
KGTF,GTF,GREAT FALLS INTERNATIONAL,GREAT FALLS,USA,47,28,55,N,111,22,14,W,1121,47.482,-111.371
KGUS,GUS,GRISSOM ARB,PERU,USA,40,38,53,N,86,9,7,W,248,40.648,-86.152
KGVT,GVT,MAJORS,GREENVILE,USA,33,4,4,N,96,3,55,W,164,33.068,-96.065
KGVW,GVW,RICHARDS GEBAUR MEMORIAL,GRANDVIEW,USA,38,50,36,N,94,33,38,W,333,38.843,-94.561
KGWO,GWO,GREENWOOD LEFLORE,GREENWOOD,USA,33,29,39,N,90,5,4,W,50,33.494,-90.084
KHAR,HAR,N/A,HARRISBURG,USA,0,0,0,U,0,0,0,U,0,0,0
KHBR,HBR,HOBART MUNI,HOBART,USA,34,59,28,N,99,3,4,W,477,34.991,-99.051
KHFD,HFD,HARTFORD BRAINARD,HARTFORD,USA,41,44,10,N,72,39,0,W,6,41.736,-72.65
KHHR,HHR,JACK NORTHROP FLD HAWTHORNE MUNI,HAWTHORNE,USA,33,55,22,N,118,20,6,W,21,33.923,-118.335
KHIB,HIB,CHISHOLM HIBBING,HIBBING,USA,47,23,11,N,92,50,20,W,413,47.386,-92.839
KHIF,HIF,HILL AFB,OGDEN,USA,41,7,26,N,111,58,22,W,1460,41.124,-111.973
KHKY,HKY,HICKORY RGNL,HICKORY,USA,35,44,28,N,81,23,22,W,363,35.741,-81.389
KHLN,HLN,HELENA RGNL,HELENA,USA,46,36,24,N,111,58,57,W,1182,46.607,-111.983
KHLR,HLR,HOOD AAF,FORT HOOD,USA,31,8,19,N,97,42,52,W,282,31.139,-97.714
KHMN,HMN,HOLLOMAN AFB,ALAMOGORDO,USA,32,51,9,N,106,6,23,W,1248,32.852,-106.106
KHOB,HOB,LEA CO RGNL,HOBBS,USA,32,41,15,N,103,13,1,W,1116,32.688,-103.217
KHON,HON,HURON RGNL,HURON,USA,44,23,6,N,98,13,42,W,393,44.385,-98.228
KHOP,HOP,CAMPBELL AAF,HOPKINSVILLE,USA,36,40,6,N,87,29,46,W,175,36.668,-87.496
KHOU,HOU,WILLIAM P HOBBY,HOUSTON,USA,29,38,43,N,95,16,44,W,15,29.645,-95.279
KHPN,HPN,WESTCHESTER CO,WHITE PLAINS,USA,41,4,1,N,73,42,27,W,134,41.067,-73.707
KHRL,HRL,VALLEY INTERNATIONAL,HARLINGEN,USA,26,13,42,N,97,39,15,W,11,26.228,-97.654
KHRO,HRO,BOONE CO,HARRISON,USA,36,15,41,N,93,9,17,W,417,36.261,-93.155
KHRT,HRT,HURLBURT FLD,MARY ESTHER,USA,30,25,40,N,86,41,21,W,12,30.428,-86.689
KHST,HST,HOMESTEAD ARB,HOMESTEAD,USA,25,29,18,N,80,23,1,W,3,25.488,-80.384
KHTB,N/A,N/A,CHARLESTON,USA,0,0,0,U,0,0,0,U,0,0,0
KHTL,HTL,ROSCOMMON CO,HOUGHTON LAKE,USA,44,21,35,N,84,40,16,W,351,44.36,-84.671
KHUA,HUA,REDSTONE AAF,REDSTONE,USA,34,40,43,N,86,41,5,W,209,34.679,-86.685
KHUF,HUF,TERRE HAUTE INTERNATIONAL HULMAN FLD,TERRE HAUTE,USA,39,27,5,N,87,18,27,W,180,39.451,-87.307
KHUL,HUL,HOULTON INTERNATIONAL,HOULTON,USA,46,7,23,N,67,47,31,W,150,46.123,-67.792
KHVR,HVR,HAVRE CITY CO,HAVRE,USA,48,32,34,N,109,45,44,W,790,48.543,-109.762
KHWO,HWO,NORTH PERRY,HOLLYWOOD,USA,26,0,5,N,80,14,25,W,3,26.001,-80.24
KIAB,IAB,MC CONNELL AFB,WICHITA,USA,37,37,22,N,97,16,2,W,418,37.623,-97.267
KIAD,IAD,WASHINGTON DULLES INTERNATIONAL,WASHINGTON,USA,38,56,40,N,77,27,20,W,96,38.944,-77.456
KIAG,IAG,NIAGARA FALLS INTERNATIONAL,NIAGARA FALLS,USA,43,6,26,N,78,56,46,W,180,43.107,-78.946
KIAH,IAH,GEORGE BUSH INTCNTL HOUSTON,HOUSTON,USA,29,58,49,N,95,20,23,W,30,29.98,-95.34
KICT,ICT,WICHITA MID CONTINENT,WICHITA,USA,37,38,59,N,97,25,59,W,407,37.65,-97.433
KIKK,IKK,GREATER KANKAKEE,KANKAKEE,USA,41,4,17,N,87,50,46,W,193,41.071,-87.846
KIKR,ABQ,ALBUQUERQUE INTERNATIONAL SUNPORT,KIRTLAND A.F.B.,USA,35,2,24,N,106,36,33,W,1633,35.04,-106.609
KILG,ILG,NEW CASTLE CO,WILMINGTON,USA,39,40,43,N,75,36,23,W,25,39.679,-75.606
KILM,ILM,WILMINGTON INTERNATIONAL,WILMINGTON,USA,34,16,14,N,77,54,9,W,10,34.271,-77.903
KIND,IND,INDIANAPOLIS INTERNATIONAL,INDIANAPOLIS,USA,39,43,2,N,86,17,39,W,243,39.717,-86.294
KINJ,N/A,N/A,SANTA ANA,USA,0,0,0,U,0,0,0,U,0,0,0
KINK,INK,WINKLER CO,WINK,USA,31,46,46,N,103,12,4,W,860,31.779,-103.201
KINL,INL,FALLS INTERNATIONAL,INTERNATIONAL FALLS,USA,48,33,58,N,93,24,11,W,362,48.566,-93.403
KINS,INS,INDIAN SPRINGS AF AUX,INDIAN SPRINGS,USA,36,35,13,N,115,40,24,W,955,36.587,-115.673
KINT,INT,SMITH REYNOLDS,WINSTON-SALEM,USA,36,8,1,N,80,13,19,W,296,36.134,-80.222
KIPL,IPL,IMPERIAL CO,IMPERIAL,USA,32,50,3,N,115,34,43,W,-17,32.834,-115.579
KIPT,IPT,WILLIAMSPORT RGNL,WILLIAMSPORT,USA,41,14,31,N,76,55,16,W,162,41.242,-76.921
KISN,ISN,SLOULIN FLD INTERNATIONAL,WILLISTON,USA,48,10,40,N,103,38,32,W,605,48.178,-103.642
KISP,ISP,LONG ISLAND MAC ARTHUR,ISLIP,USA,40,47,42,N,73,6,0,W,31,40.795,-73.1
KJAN,JAN,JACKSON INTERNATIONAL,JACKSON,USA,32,18,40,N,90,4,33,W,106,32.311,-90.076
KJAX,JAX,JACKSONVILLE INTERNATIONAL,JACKSONVILLE,USA,30,29,38,N,81,41,16,W,10,30.494,-81.688
KJBR,JBR,JONESBORO MUNI,JONESBORO,USA,35,49,54,N,90,38,46,W,80,35.832,-90.646
KJFK,JFK,JOHN F KENNEDY INTERNATIONAL,NEW YORK,USA,40,38,23,N,73,46,44,W,4,40.64,-73.779
KJNT,N/A,N/A,HEMPSTED,USA,0,0,0,U,0,0,0,U,0,0,0
KJYD,N/A,N/A,MERIDIAN,USA,0,0,0,U,0,0,0,U,0,0,0
KLAN,LAN,CAPITAL CITY,LANSING,USA,42,46,43,N,84,35,14,W,263,42.779,-84.587
KLAS,LAS,MC CARRAN INTERNATIONAL,LAS VEGAS,USA,36,4,49,N,115,9,8,W,665,36.08,-115.152
KLAX,LAX,LOS ANGELES INTERNATIONAL,LOS ANGELES,USA,33,56,33,N,118,24,29,W,39,33.942,-118.408
KLBB,LBB,LUBBOCK INTERNATIONAL,LUBBOCK,USA,33,39,49,N,101,49,22,W,1001,33.664,-101.823
KLCH,LCH,LAKE CHARLES RGNL,LAKE CHARLES,USA,30,7,34,N,93,13,24,W,5,30.126,-93.223
KLCK,LCK,RICKENBACKER INTERNATIONAL,COLUMBUS,USA,39,48,49,N,82,55,40,W,227,39.814,-82.928
KLFI,LFI,LANGLEY AFB,HAMPTON,USA,37,4,58,N,76,21,37,W,4,37.083,-76.36
KLFK,LFK,ANGELINA CO,LUFKIN,USA,31,14,2,N,94,45,0,W,91,31.234,-94.75
KLFT,LFT,LAFAYETTE RGNL,LAFAYETTE,USA,30,12,19,N,91,59,15,W,13,30.205,-91.987
KLGA,LGA,LA GUARDIA,NEW YORK,USA,40,46,38,N,73,52,21,W,7,40.777,-73.872
KLGB,LGB,LONG BEACH,LONG BEACH,USA,33,49,3,N,118,9,5,W,19,33.818,-118.151
KLHW,LHW,WRIGHT AAF,WRIGHT,USA,31,53,20,N,81,33,44,W,15,31.889,-81.562
KLIT,LIT,ADAMS FLD,LITTLE ROCK,USA,34,43,46,N,92,13,27,W,80,34.729,-92.224
KLIZ,N/A,N/A,LIMESTONE,USA,0,0,0,U,0,0,0,U,0,0,0
KLNA,LNA,PALM BEACH CO PARK,WEST PALM BEACH,USA,26,35,34,N,80,5,6,W,5,26.593,-80.085
KLNK,LNK,LINCOLN MUNI,LINCOLN,USA,40,51,3,N,96,45,33,W,372,40.851,-96.759
KLOU,LOU,BOWMAN FLD,LOUISVILLE,USA,38,13,40,N,85,39,49,W,167,38.228,-85.664
KLRD,LRD,LAREDO INTERNATIONAL,LAREDO,USA,27,32,37,N,99,27,41,W,155,27.544,-99.461
KLRF,LRF,LITTLE ROCK AFB,JACKSONVILLE,USA,34,55,5,N,92,8,47,W,95,34.918,-92.146
KLSF,LSF,LAWSON AAF,FORT BENNING,USA,32,20,14,N,84,59,28,W,71,32.337,-84.991
KLSV,LSV,NELLIS AFB,LAS VEGAS,USA,36,14,10,N,115,2,3,W,570,36.236,-115.034
KLTS,LTS,ALTUS AFB,ALTUS,USA,34,40,1,N,99,16,0,W,422,34.667,-99.267
KLUF,LUF,LUKE AFB,PHOENIX,USA,33,32,6,N,112,22,59,W,331,33.535,-112.383
KLUK,LUK,CINCINNATI MUNI LUNKEN FLD,CINCINNATI,USA,39,6,12,N,84,25,7,W,148,39.103,-84.419
KMAF,MAF,MIDLAND INTERNATIONAL,MIDLAND,USA,31,56,33,N,102,12,6,W,876,31.942,-102.202
KMCC,MCC,MC CLELLAN AFLD,SACRAMENTO,USA,38,40,3,N,121,24,2,W,23,38.667,-121.401
KMCF,MCF,MACDILL AFB,TAMPA,USA,27,50,57,N,82,31,16,W,5,27.849,-82.521
KMCI,MCI,KANSAS CITY INTERNATIONAL,KANSAS CITY,USA,39,17,51,N,94,42,50,W,313,39.297,-94.714
KMCN,MCN,MIDDLE GEORGIA RGNL,MACON,USA,32,41,34,N,83,38,57,W,108,32.693,-83.649
KMCO,MCO,ORLANDO INTERNATIONAL,ORLANDO,USA,28,25,44,N,81,18,57,W,30,28.429,-81.316
KMDT,MDT,HARRISBURG INTERNATIONAL,HARRISBURG,USA,40,11,36,N,76,45,48,W,95,40.193,-76.763
KMDW,MDW,CHICAGO MIDWAY INTERNATIONAL,CHICAGO,USA,41,47,9,N,87,45,8,W,189,41.786,-87.752
KMEM,MEM,MEMPHIS INTERNATIONAL,MEMPHIS,USA,35,2,32,N,89,58,36,W,104,35.042,-89.977
KMER,MER,CASTLE,MERCED,USA,37,22,49,N,120,34,5,W,58,37.38,-120.568
KMFE,MFE,MC ALLEN MILLER INTERNATIONAL,MCALLEN,USA,26,10,33,N,98,14,19,W,33,26.176,-98.239
KMGE,MGE,DOBBINS ARB,MARIETTA,USA,33,54,55,N,84,30,58,W,326,33.915,-84.516
KMHR,MHR,SACRAMENTO MATHER,SACRAMENTO,USA,38,33,14,N,121,17,51,W,30,38.554,-121.297
KMIA,MIA,MIAMI INTERNATIONAL,MIAMI,USA,25,47,35,N,80,17,26,W,3,25.793,-80.291
KMIB,MIB,MINOT AFB,MINOT,USA,48,24,56,N,101,21,27,W,509,48.416,-101.357
KMIV,MIV,MILLVILLE MUNI,MILLVILLE,USA,39,22,4,N,75,4,20,W,26,39.368,-75.072
KMKE,MKE,GENERAL MITCHELL INTERNATIONAL,MILWAUKEE,USA,42,56,50,N,87,53,47,W,221,42.947,-87.896
KMKL,MKL,MC KELLAR SIPES RGNL,JACKSON,USA,35,35,59,N,88,54,56,W,133,35.6,-88.916
KMKO,MKO,DAVIS FLD,MUSKOGEE,USA,35,39,27,N,95,21,41,W,186,35.657,-95.361
KMLB,MLB,MELBOURNE INTERNATIONAL,MELBOURNE,USA,28,6,9,N,80,38,42,W,11,28.103,-80.645
KMLC,MLC,MC ALESTER RGNL,MCALESTER,USA,34,52,56,N,95,47,0,W,235,34.882,-95.783
KMLT,MLT,MILLINOCKET MUNI,MILLINOCKET,USA,45,38,52,N,68,41,8,W,125,45.648,-68.686
KMLU,MLU,MONROE RGNL,MONROE,USA,32,30,39,N,92,2,15,W,25,32.511,-92.037
KMMV,MMV,MC MINNVILLE MUNI,MACKMINNVILLE,USA,45,11,40,N,123,8,9,W,50,45.194,-123.136
KMNM,MNM,MENOMINEE MARINETTE TWIN CO,MACON,USA,45,7,35,N,87,38,18,W,191,45.126,-87.638
KMOB,MOB,MOBILE RGNL,MOBILE,USA,30,41,29,N,88,14,34,W,67,30.691,-88.243
KMOD,MOD,MODESTO CITY CO HARRY SHAM,MODESTO,USA,37,37,32,N,120,57,15,W,30,37.626,-120.954
KMOT,MOT,MINOT INTERNATIONAL,MINOT,USA,48,15,33,N,101,16,49,W,519,48.259,-101.28
KMPV,MPV,EDWARD F KNAPP STATE,MONTPELIER,USA,44,12,12,N,72,33,44,W,356,44.203,-72.562
KMQT,MQT,SAWYER INTERNATIONAL,MARQUETTE,USA,46,32,2,N,87,33,42,W,433,46.534,-87.562
KMSN,MSN,DANE CO RGNL TRUAX FLD,MADISON,USA,43,8,23,N,89,20,15,W,271,43.14,-89.337
KMSP,MSP,MINNEAPOLIS ST PAUL INTERNATIONAL,MINNEAPOLIS,USA,44,52,49,N,93,13,0,W,257,44.88,-93.217
KMSS,MSS,MASSENA INTERNATIONAL RICHARDS FLD,MASSENA,USA,44,56,9,N,74,50,43,W,66,44.936,-74.845
KMSY,MSY,LOUIS ARMSTRONG NEW ORLEANS INTERNATIONAL,NEW ORLEANS,USA,29,59,36,N,90,15,28,W,2,29.993,-90.258
KMTC,MTC,SELFRIDGE ANGB,MOUNT CLEMENS,USA,42,36,46,N,82,49,54,W,177,42.613,-82.832
KMUI,MUI,MUIR AAF,MUIR,USA,40,26,5,N,76,34,9,W,150,40.435,-76.569
KMUO,MUO,MOUNTAIN HOME AFB,MOUNTAIN HOME,USA,43,2,36,N,115,52,20,W,914,43.043,-115.872
KMWH,MWH,GRANT CO INTERNATIONAL,GRANT COUNTY AIRPORT,USA,47,12,27,N,119,19,12,W,362,47.208,-119.32
KMWL,MWL,MINERAL WELLS,MINERAL WELLS,USA,32,46,53,N,98,3,36,W,297,32.781,-98.06
KMXF,MXF,MAXWELL AFB,MONTGOMERY,USA,32,22,45,N,86,21,45,W,53,32.379,-86.362
KMYR,MYR,MYRTLE BEACH INTERNATIONAL,MYRTLE BEACH,USA,33,40,47,N,78,55,42,W,8,33.68,-78.928
KNAB,ABY,N/A,ALBANY,USA,0,0,0,U,0,0,0,U,0,0,0
KNBC,NBC,BEAUFORT MCAS,BEAUFORT,USA,32,28,38,N,80,43,23,W,11,32.477,-80.723
KNBG,NBG,NEW ORLEANS NAS JRB,NEW ORLEANS,USA,29,49,31,N,90,2,6,W,1,29.825,-90.035
KNBM,N/A,N/A,MAYPORT,USA,0,0,0,U,0,0,0,U,0,0,0
KNBU,N/A,N/A,GLENVIEW,USA,0,0,0,U,0,0,0,U,0,0,0
KNCA,NCA,NEW RIVER MCAS,JACKSONVILLE,USA,34,42,30,N,77,26,22,W,8,34.708,-77.439
KNCO,N/A,N/A,QUONSET POINT,USA,0,0,0,U,0,0,0,U,0,0,0
KNEA,BQK,N/A,BRUNSWICK,USA,0,0,0,U,0,0,0,U,0,0,0
KNEL,NEL,LAKEHURST NAES,LAKEHURST,USA,40,2,0,N,74,21,12,W,32,40.033,-74.353
KNFF,N/A,N/A,JACKSONVILLE,USA,0,0,0,U,0,0,0,U,0,0,0
KNFL,NFL,FALLON NAS,FALLON,USA,39,24,59,N,118,42,3,W,1200,39.416,-118.701
KNGU,NGU,NORFOLK NS,NORFOLK,USA,36,56,15,N,76,17,21,W,5,36.938,-76.289
KNGZ,N/A,N/A,ALAMEDA,USA,0,0,0,U,0,0,0,U,0,0,0
KNHK,NHK,PATUXENT RIVER NAS,PATUXENT RIVER,USA,38,17,9,N,76,24,42,W,12,38.286,-76.412
KNID,NID,CHINA LAKE NAWS,CHINA,USA,35,41,16,N,117,41,26,W,696,35.688,-117.691
KNIP,NIP,JACKSONVILLE NAS,JACKSONVILLE,USA,30,14,9,N,81,40,50,W,7,30.236,-81.681
KNIR,N/A,N/A,BEEVILLE,USA,0,0,0,U,0,0,0,U,0,0,0
KNJK,NJK,EL CENTRO NAF,EL CENTRO,USA,32,49,45,N,115,40,18,W,-13,32.829,-115.672
KNKT,NKT,CHERRY POINT MCAS,CHERRY POINT,USA,34,54,9,N,76,52,51,W,9,34.902,-76.881
KNKX,NKX,MIRAMAR MCAS,MIRAMAR,USA,32,52,6,N,117,8,33,W,146,32.868,-117.143
KNLC,NLC,LEMOORE NAS,LEMOORE,USA,36,19,58,N,119,57,7,W,72,36.333,-119.952
KNMH,N/A,N/A,WASHINGTON,USA,0,0,0,U,0,0,0,U,0,0,0
KNMM,NMM,MERIDIAN NAS,MERIDIAN,USA,32,33,7,N,88,33,20,W,97,32.552,-88.556
KNOW,NOW,PORT ANGELES CGAS,PORT ANGELES,USA,48,8,29,N,123,24,50,W,4,48.141,-123.414
KNPA,NPA,PENSACOLA NAS,PENSACOLA,USA,30,21,9,N,87,19,7,W,9,30.353,-87.319
KNQA,NQA,MILLINGTON MUNI,MILLINGTON,USA,35,21,24,N,89,52,13,W,98,35.357,-89.87
KNQI,NQI,KINGSVILLE NAS,KINGSVILLE,USA,27,30,26,N,97,48,35,W,16,27.507,-97.81
KNQX,NQX,KEY WEST NAS,KEY WEST,USA,24,34,33,N,81,41,20,W,2,24.576,-81.689
KNRJ,SFB,N/A,SANFORD,USA,0,0,0,U,0,0,0,U,0,0,0
KNSE,NSE,WHITING FLD NAS NORTH,MILTON,USA,30,43,27,N,87,1,19,W,61,30.724,-87.022
KNSI,N/A,N/A,SAN NICOLAS ISLAND,USA,0,0,0,U,0,0,0,U,0,0,0
KNTD,NTD,POINT MUGU NAS,POINT MUGU,USA,34,7,13,N,119,7,15,W,4,34.12,-119.121
KNTK,NTK,TUSTIN MCAF,TUSTIN,USA,33,42,22,N,117,49,38,W,17,33.706,-117.827
KNTU,NTU,OCEANA NAS,OCEANA,USA,36,49,14,N,76,2,0,W,7,36.821,-76.033
KNUQ,NUQ,MOFFETT FEDERAL AFLD,MOUNTAIN VIEW,USA,37,24,54,N,122,2,53,W,10,37.415,-122.048
KNUW,NUW,WHIDBEY ISLAND NAS,WHIDBEY ISLAND,USA,48,21,6,N,122,39,21,W,15,48.352,-122.656
KNVF,N/A,N/A,VIRGINIA BEACH,USA,0,0,0,U,0,0,0,U,0,0,0
KNXP,NXP,TWENTYNINE PALMS EAF,TWENTY NINE PALMS,USA,34,17,46,N,116,9,43,W,623,34.296,-116.162
KNXX,NXX,WILLOW GROVE NAS JRB,WILLOW GROVE,USA,40,11,59,N,75,8,53,W,111,40.2,-75.148
KNYG,NYG,QUANTICO MCAF,QUANTICO,USA,38,30,6,N,77,18,19,W,4,38.502,-77.305
KNZC,NZC,CECIL FLD,JACKSONVILLE,USA,30,13,7,N,81,52,35,W,25,30.219,-81.876
KNZW,N/A,N/A,SOUTH WEYMOUTH,USA,0,0,0,U,0,0,0,U,0,0,0
KNZY,NZY,NORTH ISLAND NAS,SAN DIEGO,USA,32,41,57,N,117,12,55,W,8,32.699,-117.215
KOAK,OAK,METROPOLITAN OAKLAND INTERNATIONAL,OAKLAND,USA,37,43,16,N,122,13,14,W,2,37.721,-122.221
KOAR,N/A,N/A,FORT ORD,USA,0,0,0,U,0,0,0,U,0,0,0
KOFF,OFF,OFFUTT AFB,OMAHA,USA,41,7,6,N,95,54,45,W,321,41.118,-95.913
KOGS,OGS,OGDENSBURG INTERNATIONAL,OGDENSBURG,USA,44,40,55,N,75,27,56,W,91,44.682,-75.466
KOKC,OKC,WILL ROGERS WORLD,OKLAHOMA CITY,USA,35,23,35,N,97,36,2,W,395,35.393,-97.601
KOLS,OLS,NOGALES INTERNATIONAL,NOGALES,USA,31,25,3,N,110,50,52,W,1206,31.418,-110.848
KOMA,OMA,EPPLEY AFLD,OMAHA,USA,41,18,9,N,95,53,37,W,300,41.302,-95.894
KONT,ONT,ONTARIO INTERNATIONAL,ONTARIO,USA,34,3,21,N,117,36,4,W,288,34.056,-117.601
KOPF,OPF,OPA LOCKA,MIAMI,USA,25,54,25,N,80,16,42,W,3,25.907,-80.278
KORD,ORD,CHICAGO OHARE INTERNATIONAL,CHICAGO,USA,41,58,46,N,87,54,16,W,204,41.979,-87.904
KORF,ORF,NORFOLK INTERNATIONAL,NORFOLK,USA,36,53,40,N,76,12,4,W,8,36.894,-76.201
KORL,ORL,EXECUTIVE,ORLANDO,USA,28,32,43,N,81,19,58,W,35,28.545,-81.333
KOSC,N/A,OSCODA WURTSMITH,OSCODA,USA,44,27,5,N,83,23,38,W,194,44.451,-83.394
KPAE,PAE,SNOHOMISH CO,EVERETT,USA,47,54,22,N,122,16,53,W,185,47.906,-122.281
KPAM,PAM,TYNDALL AFB,PANAMA CITY,USA,30,4,11,N,85,34,35,W,6,30.07,-85.576
KPBF,PBF,GRIDER FLD,PINE BLUFF,USA,34,10,29,N,91,56,4,W,63,34.175,-91.934
KPBG,PBG,PLATTSBURGH INTERNATIONAL,PLATTSBURGH,USA,44,39,3,N,73,28,5,W,72,44.651,-73.468
KPBI,PBI,PALM BEACH INTERNATIONAL,WEST PALM BEACH,USA,26,40,59,N,80,5,44,W,6,26.683,-80.096
KPDX,PDX,PORTLAND INTERNATIONAL,PORTLAND,USA,45,35,19,N,122,35,51,W,10,45.589,-122.597
KPHF,PHF,NEWPORT NEWS WILLIAMSBURG INTERNATIONAL,NEWPORT NEWS,USA,37,7,54,N,76,29,34,W,14,37.132,-76.493
KPHL,PHL,PHILADELPHIA INTERNATIONAL,PHILADELPHIA,USA,39,52,19,N,75,14,28,W,12,39.872,-75.241
KPHN,PHN,ST CLAIR CO INTERNATIONAL,PORT HURON,USA,42,54,39,N,82,31,43,W,199,42.911,-82.529
KPHX,PHX,PHOENIX SKY HARBOR INTERNATIONAL,PHOENIX,USA,33,26,3,N,112,0,29,W,346,33.434,-112.008
KPIE,PIE,ST PETERSBURG CLEARWATER INTERNATIONAL,ST. PETERSBURG,USA,27,54,38,N,82,41,14,W,4,27.911,-82.687
KPIT,PIT,PITTSBURGH INTERNATIONAL,PITTSBURGH (PENNSYLVA),USA,40,29,29,N,80,13,58,W,367,40.491,-80.233
KPMB,N/A,PEMBINA MUNI,PEMBINA,USA,48,56,33,N,97,14,27,W,243,48.942,-97.241
KPMD,PMD,PALMDALE PROD FLT TEST INSTL AF PLT 42,PALMDALE,USA,34,37,45,N,118,5,4,W,776,34.629,-118.084
KPNC,PNC,PONCA CITY MUNI,PONCA CITY,USA,36,43,50,N,97,5,59,W,307,36.731,-97.1
KPNE,PNE,NORTHEAST PHILADELPHIA,PHILADELPHIA,USA,40,4,55,N,75,0,38,W,37,40.082,-75.011
KPNM,PNM,PRINCETON MUNI,PRINCETON,USA,45,33,35,N,93,36,29,W,299,45.56,-93.608
KPNS,PNS,PENSACOLA RGNL,PENSACOLA,USA,30,28,23,N,87,11,14,W,37,30.473,-87.187
KPOB,POB,POPE AFB,FAYETTEVILLE,USA,35,10,15,N,79,0,52,W,67,35.171,-79.014
KPOE,POE,POLK AAF,FORT POLK,USA,31,2,41,N,93,11,29,W,101,31.045,-93.191
KPQI,PQI,NORTHERN MAINE RGNL AT PRESQUE ISLE,PRESQUE ISLE,USA,46,41,20,N,68,2,41,W,163,46.689,-68.045
KPRC,PRC,ERNEST A LOVE FLD,PRESCOTT,USA,34,39,16,N,112,25,10,W,1538,34.654,-112.419
KPSP,PSP,PALM SPRINGS INTERNATIONAL,PALM SPRINGS,USA,33,49,46,N,116,30,24,W,145,33.829,-116.507
KPSX,PSX,PALACIOS MUNI,PALACIOS,USA,28,43,39,N,96,15,3,W,5,28.727,-96.251
KPUB,PUB,PUEBLO MEM,PUEBLO MEMORIAL,USA,38,17,20,N,104,29,47,W,1441,38.289,-104.496
KPVD,PVD,THEODORE FRANCIS GREEN STATE,PROVIDENCE,USA,41,43,26,N,71,25,41,W,17,41.724,-71.428
KPWM,PWM,PORTLAND INTERNATIONAL JETPORT,PORTLAND,USA,43,38,46,N,70,18,31,W,23,43.646,-70.309
KRAL,RAL,RIVERSIDE MUNI,RIVERSIDE,USA,33,57,6,N,117,26,42,W,250,33.952,-117.445
KRBM,RBM,ROBINSON AAF,ROBINSON,USA,34,51,0,N,92,18,0,W,179,34.85,-92.3
KRCA,RCA,ELLSWORTH AFB,RAPID CITY,USA,44,8,42,N,103,6,12,W,1000,44.145,-103.103
KRDR,RDR,GRAND FORKS AFB,RED RIVER,USA,47,57,39,N,97,24,4,W,278,47.961,-97.401
KRDU,RDU,RALEIGH DURHAM INTERNATIONAL,RALEIGH-DURHAM,USA,35,52,39,N,78,47,14,W,133,35.877,-78.787
KREE,N/A,N/A,LUBBOCK,USA,0,0,0,U,0,0,0,U,0,0,0
KRIC,RIC,RICHMOND INTERNATIONAL,RICHMOND,USA,37,30,18,N,77,19,10,W,51,37.505,-77.319
KRIU,RIU,RANCHO MURIETA,RANCHO MURIETA,USA,38,29,19,N,121,6,8,W,43,38.489,-121.102
KRIV,RIV,MARCH ARB,RIVERSIDE,USA,33,52,50,N,117,15,34,W,468,33.881,-117.259
KRME,RME,GRIFFISS AIRPARK,ROME,USA,43,14,1,N,75,24,25,W,154,43.234,-75.407
KRND,RND,RANDOLPH AFB,SAN ANTONIO,USA,29,31,46,N,98,16,44,W,233,29.529,-98.279
KRNO,RNO,RENO TAHOE INTERNATIONAL,RENO,USA,39,29,54,N,119,46,5,W,1345,39.498,-119.768
KROC,ROC,GREATER ROCHESTER INTERNATIONAL,ROCHESTER,USA,43,7,7,N,77,40,20,W,171,43.119,-77.672
KROW,ROW,ROSWELL INDUSTRIAL AIR CENTER,ROSWELL,USA,33,18,5,N,104,31,50,W,1119,33.301,-104.531
KRSW,RSW,SOUTHWEST FLORIDA INTERNATIONAL,FORT MYERS,USA,26,32,10,N,81,45,18,W,10,26.536,-81.755
KSAC,SAC,SACRAMENTO EXECUTIVE,SACRAMENTO,USA,38,30,45,N,121,29,36,W,8,38.513,-121.493
KSAF,SAF,SANTA FE MUNI,SANTA FE,USA,35,37,0,N,106,5,17,W,1935,35.617,-106.088
KSAN,SAN,SAN DIEGO INTERNATIONAL LINDBERGH FLD,SAN DIEGO,USA,32,44,0,N,117,11,22,W,5,32.733,-117.189
KSAT,SAT,SAN ANTONIO INTERNATIONAL,SAN ANTONIO,USA,29,32,1,N,98,28,11,W,247,29.534,-98.47
KSAV,SAV,SAVANNAH HILTON HEAD INTERNATIONAL,SAVANNAH,USA,32,7,39,N,81,12,7,W,16,32.127,-81.202
KSAW,N/A,SAWYER INTERNATIONAL,GWINN,USA,46,21,13,N,87,23,45,W,373,46.354,-87.396
KSBO,SBO,EMANUEL CO,SANTA BARBARA,USA,32,36,30,N,82,22,7,W,100,32.608,-82.369
KSBY,SBY,SALISBURY OCEAN CITY WICOMICO RGNL,SALISBURY,USA,38,20,25,N,75,30,37,W,16,38.34,-75.51
KSCI,N/A,N/A,SAN CLEMENTE,USA,0,0,0,U,0,0,0,U,0,0,0
KSCK,SCK,STOCKTON METROPOLITAN,STOCKTON,USA,37,53,39,N,121,14,19,W,10,37.894,-121.239
KSEA,SEA,SEATTLE TACOMA INTERNATIONAL,SEATTLE,USA,47,26,56,N,122,18,33,W,131,47.449,-122.309
KSEM,SEM,CRAIG FLD,SELMA,USA,32,20,38,N,86,59,16,W,51,32.344,-86.988
KSES,N/A,N/A,SELMA,USA,0,0,0,U,0,0,0,U,0,0,0
KSFF,SFF,FELTS FLD,SPOKANE,USA,47,40,58,N,117,19,21,W,596,47.683,-117.322
KSFO,SFO,SAN FRANCISCO INTERNATIONAL,SAN FRANCISCO,USA,37,37,8,N,122,22,29,W,4,37.619,-122.375
KSFS,N/A,N/A,SAN FRANCISCO,USA,0,0,0,U,0,0,0,U,0,0,0
KSFZ,SFZ,NORTH CENTRAL STATE,SMITHFIELD,USA,41,55,14,N,71,29,28,W,135,41.921,-71.491
KSHV,SHV,SHREVEPORT RGNL,SHREVEPORT,USA,32,26,47,N,93,49,32,W,79,32.446,-93.826
KSJC,SJC,NORMAN Y MINETA SAN JOSE INTERNATIONAL,SAN JOSE,USA,37,21,42,N,121,55,44,W,18,37.362,-121.929
KSJT,SJT,SAN ANGELO RGNL MATHIS FLD,SAN ANGELO,USA,31,21,27,N,100,29,46,W,585,31.358,-100.496
KSKA,SKA,FAIRCHILD AFB,SPOKANE,USA,47,36,54,N,117,39,20,W,751,47.615,-117.656
KSKF,SKF,LACKLAND AFB KELLY FLD ANNEX,SAN ANTONIO,USA,29,23,3,N,98,34,51,W,211,29.384,-98.581
KSKY,SKY,GRIFFING SANDUSKY,SANDUSKY,USA,41,26,0,N,82,39,8,W,177,41.433,-82.652
KSLC,SLC,SALT LAKE CITY INTERNATIONAL,SALT LAKE CITY,USA,40,47,18,N,111,58,39,W,1289,40.788,-111.978
KSMF,SMF,SACRAMENTO INTERNATIONAL,SACRAMENTO,USA,38,41,43,N,121,35,26,W,9,38.695,-121.591
KSNA,SNA,JOHN WAYNE ARPT ORANGE CO,SANTA ANA,USA,33,40,32,N,117,52,5,W,18,33.676,-117.868
KSPB,SPB,SCAPPOOSE INDUSTRIAL AIRPARK,SAN LUIS,USA,45,46,21,N,122,51,44,W,18,45.773,-122.862
KSPG,SPG,ALBERT WHITTED,ST. PETERSBURG,USA,27,45,54,N,82,37,37,W,3,27.765,-82.627
KSPS,SPS,SHEPPARD AFB WICHITA FALLS MUNI,WICHITA FALLS,USA,33,59,19,N,98,29,30,W,311,33.989,-98.492
KSSC,SSC,SHAW AFB,SUMTER,USA,33,58,22,N,80,28,22,W,74,33.973,-80.473
KSSM,N/A,N/A,SAULT SAINTE MARIE,USA,0,0,0,U,0,0,0,U,0,0,0
KSTL,STL,LAMBERT ST LOUIS INTERNATIONAL,ST. LOUIS,USA,38,44,51,N,90,21,35,W,185,38.748,-90.36
KSUU,SUU,TRAVIS AFB,FAIRFIELD,USA,38,15,45,N,121,55,38,W,19,38.263,-121.927
KSUX,SUX,SIOUX GATEWAY COL BUD DAY FLD,SIOUX CITY,USA,42,24,9,N,96,23,3,W,335,42.402,-96.384
KSVN,SVN,HUNTER AAF,HUNTER AAF,USA,32,0,36,N,81,8,44,W,13,32.01,-81.146
KSWA,N/A,N/A,SWAN ISLAND,USA,0,0,0,U,0,0,0,U,0,0,0
KSWF,SWF,STEWART INTERNATIONAL,NEWBURGH,USA,41,30,14,N,74,6,17,W,150,41.504,-74.105
KSYM,N/A,N/A,SMYRNA,USA,0,0,0,U,0,0,0,U,0,0,0
KSYR,SYR,SYRACUSE HANCOCK INTERNATIONAL,SYRACUSE,USA,43,6,40,N,76,6,22,W,129,43.111,-76.106
KSZL,SZL,WHITEMAN AFB,KNOBNOSTER,USA,38,43,49,N,93,32,52,W,266,38.73,-93.548
KTBN,TBN,WAYNESVILLE RGNL ARPT AT FORNEY FLD,FORT LEONARDWOOD,USA,37,44,29,N,92,8,26,W,354,37.741,-92.141
KTCC,TCC,TUCUMCARI MUNI,TUCUMCARI,USA,35,10,58,N,103,36,11,W,1240,35.183,-103.603
KTCM,TCM,MC CHORD AFB,TACOMA,USA,47,8,15,N,122,28,35,W,99,47.138,-122.476
KTCS,TCS,TRUTH OR CONSEQUENCES MUNI,TRUTH OR CONSEQUENCES,USA,33,14,13,N,107,16,18,W,1480,33.237,-107.272
KTEB,TEB,TETERBORO,TETERBORO,USA,40,50,59,N,74,3,39,W,3,40.85,-74.061
KTIK,TIK,TINKER AFB,OKLAHOMA CITY,USA,35,24,53,N,97,23,11,W,394,35.415,-97.386
KTLH,TLH,TALLAHASSEE RGNL,TALLAHASSEE,USA,30,23,47,N,84,21,1,W,25,30.396,-84.35
KTMB,TMB,KENDALL TAMIAMI EXECUTIVE,KENDALL-TAMIAMI,USA,25,38,52,N,80,25,58,W,3,25.648,-80.433
KTNT,TNT,DADE COLLIER TRAINING AND TRANSITION,MIAMI,USA,25,51,42,N,80,53,49,W,4,25.862,-80.897
KTNX,N/A,TONOPAH TEST RANGE,TONOPAH,USA,37,47,40,N,116,46,43,W,1692,37.794,-116.779
KTPA,TPA,TAMPA INTERNATIONAL,TAMPA,USA,27,58,31,N,82,31,59,W,8,27.975,-82.533
KTTN,TTN,TRENTON MERCER,TRENTON,USA,40,16,36,N,74,48,48,W,65,40.277,-74.813
KTUL,TUL,TULSA INTERNATIONAL,TULSA,USA,36,11,54,N,95,53,17,W,207,36.198,-95.888
KTUS,TUS,TUCSON INTERNATIONAL,TUCSON,USA,32,6,58,N,110,56,29,W,806,32.116,-110.941
KTXK,TXK,TEXARKANA RGNL WEBB FLD,TEXARKANA,USA,33,27,13,N,93,59,27,W,119,33.454,-93.991
KTYR,TYR,TYLER POUNDS RGNL,TYLER,USA,32,21,14,N,95,24,8,W,166,32.354,-95.402
KTYS,TYS,MC GHEE TYSON,KNOXVILLE,USA,35,48,44,N,83,59,34,W,300,35.812,-83.993
KUGN,UGN,WAUKEGAN RGNL,CHICAGO,USA,42,25,19,N,87,52,4,W,222,42.422,-87.868
KVAD,VAD,MOODY AFB,VALDOSTA,USA,30,58,4,N,83,11,34,W,72,30.968,-83.193
KVBG,VBG,VANDENBERG AFB,LOMPOC,USA,34,43,46,N,120,34,36,W,112,34.729,-120.577
KVCV,VCV,SOUTHERN CALIFORNIA LOGISTICS,VICTORVILLE,USA,34,35,35,N,117,22,46,W,880,34.593,-117.379
KVPS,VPS,EGLIN AFB,VALPARAISO,USA,30,28,59,N,86,31,31,W,27,30.483,-86.525
KVRB,VRB,VERO BEACH MUNI,VERO BEACH,USA,27,39,20,N,80,25,4,W,8,27.656,-80.418
KWAL,WAL,WALLOPS FLIGHT FACILITY,WALLOPS ISLAND,USA,37,56,24,N,75,27,59,W,13,37.94,-75.466
KWRB,WRB,ROBINS AFB,MACON,USA,32,38,24,N,83,35,30,W,90,32.64,-83.592
KWRI,WRI,MC GUIRE AFB,WRIGHTSTOWN,USA,40,0,56,N,74,35,37,W,41,40.016,-74.594
KWSD,WSD,CONDRON AAF,WHITE SANDS,USA,32,20,29,N,106,24,9,W,1200,32.341,-106.403
KWWD,WWD,CAPE MAY CO,WILDWOOD,USA,39,0,30,N,74,54,29,W,8,39.008,-74.908
KYIP,YIP,WILLOW RUN,DETROIT,USA,42,14,16,N,83,31,49,W,219,42.238,-83.53
KYNG,YNG,YOUNGSTOWN WARREN RGNL,YOUNGSTOWN,USA,41,15,38,N,80,40,44,W,365,41.261,-80.679
KYUM,YUM,YUMA MCAS YUMA INTERNATIONAL,YUMA,USA,32,39,23,N,114,36,21,W,65,32.656,-114.606
KZUN,ZUN,BLACK ROCK,ZUNI PUEBLO,USA,35,5,0,N,108,47,30,W,1968,35.083,-108.792
PAAQ,PAQ,PALMER MUNI,PALMER,USA,61,35,41,N,149,5,19,W,76,61.595,-149.089
PABA,BTI,BARTER ISLAND LRRS,BARTER ISLAND,USA,70,8,2,N,143,34,37,W,2,70.134,-143.577
PABE,BET,BETHEL,BETHEL,USA,60,46,47,N,161,50,16,W,38,60.78,-161.838
PABH,N/A,N/A,BETHEL,USA,0,0,0,U,0,0,0,U,0,0,0
PABI,BIG,ALLEN AAF,DELTA JUNCTION,USA,63,59,40,N,145,43,17,W,390,63.994,-145.721
PABK,N/A,N/A,FAIRBANKSA,USA,0,0,0,U,0,0,0,U,0,0,0
PABM,N/A,BIG MOUNTAIN AFS,BIG MOUNTAIN,USA,59,21,42,N,155,15,26,W,203,59.362,-155.257
PABR,BRW,WILEY POST WILL ROGERS MEM,BARROW,USA,71,17,7,N,156,45,57,W,14,71.285,-156.766
PABT,BTT,BETTLES,BETTLES,USA,66,54,55,N,151,31,41,W,196,66.915,-151.528
PACD,CDB,COLD BAY,COLD BAY,USA,55,12,20,N,162,43,27,W,30,55.206,-162.724
PACL,N/A,CLEAR,CLEAR MEWS,USA,64,18,4,N,149,7,12,W,169,64.301,-149.12
PACS,N/A,N/A,CAPE SARICHEF,USA,0,0,0,U,0,0,0,U,0,0,0
PACV,CDV,MERLE K MUDHOLE SMITH,CORDOVA,USA,60,29,30,N,145,28,39,W,13,60.492,-145.477
PACZ,N/A,CAPE ROMANZOF LRRS,CAPE ROMANZOF,USA,61,46,49,N,166,2,19,W,140,61.78,-166.039
PADF,N/A,N/A,DRIFTWOOD BAY AFS,USA,0,0,0,U,0,0,0,U,0,0,0
PADK,ADK,ADAK,ADAK ISLAND,USA,51,52,40,N,176,38,45,W,7,51.878,-176.646
PADL,DLG,DILLINGHAM,DILLINGHAM,USA,59,2,43,N,158,30,12,W,27,59.045,-158.503
PADQ,ADQ,KODIAK,KODIAK,USA,57,45,0,N,152,29,37,W,23,57.75,-152.494
PADU,DUT,UNALASKA,UNALASKA,USA,53,54,0,N,166,32,36,W,7,53.9,-166.543
PAED,EDF,ELMENDORF AFB,ANCHORAGE,USA,61,15,4,N,149,48,23,W,65,61.251,-149.806
PAEH,EHM,CAPE NEWENHAM LRRS,CAPE NEWENHAM,USA,58,38,50,N,162,3,38,W,165,58.647,-162.061
PAEI,EIL,EIELSON AFB,FAIRBANKS,USA,64,39,56,N,147,6,5,W,168,64.666,-147.101
PAEN,ENA,KENAI MUNI,KENAI,USA,60,34,23,N,151,14,42,W,31,60.573,-151.245
PAFA,FAI,FAIRBANKS INTERNATIONAL,FAIRBANKS,USA,64,48,54,N,147,51,22,W,133,64.815,-147.856
PAFB,FBK,WAINWRIGHT AAF,FORT WAINWRIGHT,USA,64,50,15,N,147,36,52,W,139,64.837,-147.614
PAFR,N/A,BRYANT AHP,FORT RICHARDSON,USA,61,15,58,N,149,39,11,W,116,61.266,-149.653
PAFW,N/A,N/A,FAREWELL,USA,0,0,0,U,0,0,0,U,0,0,0
PAGA,GAL,EDWARD G PITKA SR,GALENA,USA,64,44,10,N,156,56,14,W,47,64.736,-156.937
PAGK,GKN,GULKANA,GULKANA,USA,62,9,17,N,145,27,23,W,482,62.155,-145.456
PAGY,SGY,SKAGWAY,SKAGWAY,USA,59,27,36,N,135,18,56,W,14,59.46,-135.316
PAHG,N/A,N/A,ANCHORAGE,USA,0,0,0,U,0,0,0,U,0,0,0
PAHO,HOM,HOMER,HOMER,USA,59,38,44,N,151,28,35,W,26,59.646,-151.476
PAIL,ILI,ILIAMNA,ILIAMNA,USA,59,45,13,N,154,54,39,W,57,59.754,-154.911
PAIM,UTO,INDIAN MOUNTAIN LRRS,INDIAN MOUNTAINS,USA,65,59,34,N,153,42,15,W,372,65.993,-153.704
PAJN,JNU,JUNEAU INTERNATIONAL,JUNEAU,USA,58,21,17,N,134,34,34,W,6,58.355,-134.576
PAKA,N/A,N/A,SITKA,USA,0,0,0,U,0,0,0,U,0,0,0
PAKN,AKN,KING SALMON,KING SALMON,USA,58,40,36,N,156,38,57,W,18,58.677,-156.649
PAKT,KTN,KETCHIKAN INTERNATIONAL,KETCHIKAN,USA,55,21,20,N,131,42,49,W,30,55.356,-131.714
PALU,LUR,CAPE LISBURNE LRRS,CAPE LISBURNE,USA,68,52,30,N,166,6,36,W,4,68.875,-166.11
PAMC,MCG,MC GRATH,MCGRATH,USA,62,57,10,N,155,36,20,W,103,62.953,-155.606
PAMD,N/A,MIDDLETON ISLAND,MIDDLETON ISLAND,USA,59,26,59,N,146,18,31,W,27,59.45,-146.309
PAME,N/A,N/A,NOME,USA,0,0,0,U,0,0,0,U,0,0,0
PAMR,MRI,MERRILL FLD,ANCHORAGE,USA,61,12,51,N,149,50,46,W,42,61.214,-149.846
PANC,ANC,TED STEVENS ANCHORAGE INTERNATIONAL,ANCHORAGE,USA,61,10,27,N,149,59,46,W,47,61.174,-149.996
PANT,ANN,ANNETTE ISLAND,ANNETTE ISLAND,USA,55,2,32,N,131,34,20,W,37,55.042,-131.572
PAOM,OME,NOME,NOME,USA,64,30,43,N,165,26,42,W,12,64.512,-165.445
PAOR,ORT,NORTHWAY,NORTHWAY,USA,62,57,40,N,141,55,44,W,524,62.961,-141.929
PAOT,OTZ,RALPH WIEN MEM,KOTZEBUE,USA,66,53,4,N,162,35,54,W,4,66.884,-162.598
PAPB,N/A,ST GEORGE,POINT BARROW,USA,56,34,42,N,169,39,41,W,39,56.578,-169.661
PAPM,PML,PLATINUM,PORT MOLLER,USA,59,0,40,N,161,49,10,W,5,59.011,-161.819
PASC,SCC,DEADHORSE,DEADHORSE,USA,70,11,41,N,148,27,54,W,19,70.195,-148.465
PASI,SIT,SITKA ROCKY GUTIERREZ,SITKA,USA,57,2,49,N,135,21,41,W,8,57.047,-135.361
PASN,SNP,ST PAUL ISLAND,ST. PAUL ISLAND,USA,57,10,2,N,170,13,13,W,20,57.167,-170.22
PASV,SVW,SPARREVOHN LRRS,SPARREVOHN,USA,61,5,50,N,155,34,27,W,484,61.097,-155.574
PASY,SYA,EARECKSON AS,SHEMYA,USA,52,42,44,N,174,6,49,E,30,52.712,174.114
PATA,TAL,RALPH M CALHOUN,TANANA,USA,65,10,27,N,152,6,33,W,70,65.174,-152.109
PATC,TNC,TIN CITY LRRS,TIN CITY,USA,65,33,47,N,167,55,20,W,83,65.563,-167.922
PATK,TKA,TALKEETNA,TALKEETNA,USA,62,19,13,N,150,5,37,W,110,62.32,-150.094
PATL,TLJ,TATALINA LRRS,TATALINA,USA,62,53,39,N,155,58,35,W,294,62.894,-155.976
PAUN,UNK,UNALAKLEET,UNALAKLEET,USA,63,53,18,N,160,47,56,W,7,63.888,-160.799
PAVD,VDZ,VALDEZ PIONEER FIELD,VALDEZ,USA,61,8,2,N,146,14,54,W,37,61.134,-146.248
PAWT,AIN,WAINWRIGHT AS,FORT WAINWRIGHT,USA,70,36,48,N,159,51,37,W,11,70.613,-159.86
PAWW,N/A,N/A,WILDWOOD,USA,0,0,0,U,0,0,0,U,0,0,0
PAYA,YAK,YAKUTAT,YAKUTAT,USA,59,30,11,N,139,39,36,W,12,59.503,-139.66
PBTI,N/A,N/A,BARTER ISLAND,USA,0,0,0,U,0,0,0,U,0,0,0
PFYU,FYU,FORT YUKON,FORT YUKON,USA,66,34,17,N,145,15,1,W,132,66.571,-145.25
PHBK,BKH,BARKING SANDS PMRF,BARKING SANDS,USA,22,1,18,N,159,47,12,W,5,22.022,-159.787
PHDH,HDH,DILLINGHAM,DILLINGHAM,USA,21,34,45,N,158,12,37,W,5,21.579,-158.21
PHEB,N/A,N/A,EWA BEACH,USA,0,0,0,U,0,0,0,U,0,0,0
PHFF,N/A,N/A,SOLAR FLARE FRCST FAC,USA,0,0,0,U,0,0,0,U,0,0,0
PHHI,N/A,WHEELER AAF,WHEELER AFB.,USA,21,29,0,N,158,2,22,W,256,21.483,-158.039
PHHN,HNM,HANA,HANA,USA,20,47,44,N,156,0,51,W,24,20.796,-156.014
PHIK,N/A,N/A,HICKAM AFB,USA,0,0,0,U,0,0,0,U,0,0,0
PHJG,N/A,N/A,PEARL HARBOR,USA,0,0,0,U,0,0,0,U,0,0,0
PHJH,JHM,KAPALUA,LAHANIA-KAPALUA,USA,20,57,46,N,156,40,27,W,79,20.963,-156.674
PHKI,N/A,N/A,SOUTH KAUAI MET,USA,0,0,0,U,0,0,0,U,0,0,0
PHKM,N/A,N/A,KAMUELA MET,USA,0,0,0,U,0,0,0,U,0,0,0
PHKO,KOA,KONA INTERNATIONAL AT KEAHOLE,KONA,USA,19,44,19,N,156,2,44,W,15,19.739,-156.046
PHKP,N/A,N/A,KAANAPALI,USA,0,0,0,U,0,0,0,U,0,0,0
PHKU,N/A,N/A,KUNIA,USA,0,0,0,U,0,0,0,U,0,0,0
PHLI,LIH,LIHUE,LIHUE,USA,21,58,34,N,159,20,19,W,47,21.976,-159.339
PHMK,MKK,MOLOKAI,MOLOKAI,USA,21,9,10,N,157,5,46,W,139,21.153,-157.096
PHMO,N/A,N/A,MOLOKAI MET,USA,0,0,0,U,0,0,0,U,0,0,0
PHMU,MUE,WAIMEA KOHALA,KAMUELA,USA,20,0,4,N,155,40,5,W,815,20.001,-155.668
PHNA,N/A,N/A,BARBERS POINT,USA,0,0,0,U,0,0,0,U,0,0,0
PHNC,N/A,N/A,PEARL HARBOR,USA,0,0,0,U,0,0,0,U,0,0,0
PHNF,N/A,N/A,HONOLULU,USA,0,0,0,U,0,0,0,U,0,0,0
PHNG,NGF,KANEOHE BAY MCAF,KANEOHE BAY,USA,21,26,57,N,157,46,4,W,6,21.449,-157.768
PHNL,HNL,HONOLULU INTERNATIONAL,HONOLULU,USA,21,18,57,N,157,55,36,W,4,21.316,-157.927
PHNY,LNY,LANAI,LANAI,USA,20,47,8,N,156,57,5,W,399,20.786,-156.951
PHOG,OGG,KAHULUI,KAHULUI,USA,20,53,55,N,156,25,50,W,17,20.899,-156.431
PHSF,BSF,BRADSHAW AAF,BRADSHAW FIELD,USA,19,45,36,N,155,33,13,W,1887,19.76,-155.554
PHTO,ITO,HILO INTERNATIONAL,HILO,USA,19,43,13,N,155,2,55,W,12,19.72,-155.049
PHUP,UPP,UPOLU,OPOLU,USA,20,15,54,N,155,51,35,W,30,20.265,-155.86
PHWA,N/A,N/A,SOUTH HAWAII MET,USA,0,0,0,U,0,0,0,U,0,0,0
PHWR,N/A,N/A,HICKAM,USA,0,0,0,U,0,0,0,U,0,0,0
PHZH,N/A,N/A,HONOLULU ARTCC,USA,0,0,0,U,0,0,0,U,0,0,0
POLI,OLI,OLIKTOK LRRS,OLIKTOK POINT,USA,70,29,58,N,149,52,46,W,5,70.499,-149.879
PPIZ,PIZ,POINT LAY LRRS,POINT LAY,USA,69,43,58,N,163,0,19,W,8,69.733,-163.005
